<?xml version="1.0" encoding="UTF-8"?>
<equipos_de_futbol>
    <equipo>
        <nombre>FC Barcelona</nombre>
        <ciudad>Barcelona</ciudad>
        <jugadores>
            <jugador>
            <posicion> portero </posicion>
            <nombre>Robert Lewandowski</nombre>
            <nacionalidad>Polonia</nacionalidad>
            </jugador>

            <jugador>    
            <posicion> delantero </posicion>
            <nombre>Ter Stegen</nombre>
            <nacionalidad>Alemania</nacionalidad>
            </jugador>
        </jugadores>
    </equipo>
    <equipo>
        <nombre>Real Madrid</nombre>
        <ciudad>Madrid</ciudad>
        <jugadores>
            <jugador>
            <posicion> delantero </posicion>
            <nombre>Mbappe</nombre>
            <nacionalidad>Francia</nacionalidad>
            </jugador>
            
            <jugador>
            <posicion> defensa </posicion>
            <nombre>Dani Carvajal</nombre>
            <nacionalidad>España</nacionalidad>
            </jugador>
        </jugadores>
    </equipo>
</equipos_de_futbol>